{"Gwenborough": 0.6666666666666666, "Wisokyburgh": 0.6111111111111112, "McKenziehaven": 0.6111111111111112, "South Elvis": 0.6111111111111112, "Roscoeview": 0.5555555555555556, "South Christy": 0.5555555555555556, "Howemouth": 0.5555555555555556, "Aliyaview": 0.5555555555555556, "Bartholomebury": 0.5555555555555556, "Lebsackbury": 0.5555555555555556, "Wonderland": 0.0, "Bobsville": 0.0, "Charlieville": 0.0, "Themyscira": 0.0, "Jazztown": 0.0, "Rockplace": 0.0, "Gracetown": 0.0, "Mutantville": 0.0}